[{"id":"@s.whatsapp.net","name":"","age":""},{"id":"6285956337454@s.whatsapp.net","name":"","age":""},{"id":"6285775901603@s.whatsapp.net","name":"6285775901603","age":"13","time":"67eff9ba5541b2f959e0"},{"id":"6283844671188@s.whatsapp.net","name":"Kmbil Bolng","age":"claim T8DGT59A","time":"d6f115bcfb15e4205310"},{"id":"62895322420336@s.whatsapp.net","name":"𝐶𝐼𝑂𝑂-𝑂𝐹𝐹𝐶","age":"Xyros,10000","time":"366cfb088a2dd9cc3936"},{"id":"6285138047989@s.whatsapp.net","name":"Neko Nicky","age":"18","time":"73efb29f1e2588b03c76"},{"id":"6289602344245@s.whatsapp.net","name":"∆sraff","age":"14","time":"4ee75d645d9ccb7d8a7f"},{"id":"6283856222681@s.whatsapp.net","name":"卐来|•ʀᴀɴDèKaìzen卐","age":"RanDeKaizen|18","time":"5a737b70a7b602434817"},{"id":"6289529624694@s.whatsapp.net","name":"FallZx Infininty","age":"17","time":"17b6d67290bd11c19a68"},{"id":"6285187387839@s.whatsapp.net","name":"Fall","age":"18","time":"2e9a2c1315ebab5bd279"},{"id":"6285813708397@s.whatsapp.net","name":"FallXd ( FallZx Infinity)","age":"18","time":"053178787b6d968a5ac5"},{"id":"94757188838@s.whatsapp.net","name":"Suki","age":"18","time":"066a0137e952925b6dee"},{"id":"6282327606644@s.whatsapp.net","name":"rapii","age":"14","time":"54dcb4eb94e5abdfa195"},{"id":"6285659189006@s.whatsapp.net","name":"rizkiamaulana69","age":"rizwe,16","time":"45208f8e862b3057631d"},{"id":"6282180639956@s.whatsapp.net","name":"BOT WA FREE BY NUGRAH","age":"16","time":"dcba16949ec5d07a498f"},{"id":"6287815194609@s.whatsapp.net","name":"aryaa","age":"17","time":"05021f4afde6927ec5d0"},{"id":"6288228510203@s.whatsapp.net","name":"type 😀","age":"20","time":"dc1c0b62f3e8736ec112"},{"id":"6288286624778@s.whatsapp.net","name":"vyle","age":"20","time":"9df3d092571a0786cb2b"},{"id":"6281347586041@s.whatsapp.net","name":"A.","age":"\n\n*Jadwal Sholat Hari Ini:*\n- *Fajr*: 04:38\n- *Dhuhr*: 11:53\n- *Asr*: 15:15\n- *Maghrib*: 17:46\n- *Isha*: 19:16\n\n*Informasi Waktu Lainnya:*\n- *Sunrise*: 06:00\n- *Sunset*: 17:46\n- *Imsak*: 04:28\n- *Midnight*: 23:53\n- *Firstthird*: 21:50\n- *Lastthird*: 01:55","time":"59be08baf3fcba30a317"},{"id":"6281327966132@s.whatsapp.net","name":"kzh'x","age":"20","time":"9f20ba225414b6e3b244"},{"id":"62859102862640@s.whatsapp.net","name":"t","age":"yyy","time":"3e1c0638fc5dd6cdd6ee"},{"id":"62838365302387@s.whatsapp.net","name":"Shann-","age":"18","time":"ff081396668dbf379275"},{"id":"6282159566399@s.whatsapp.net","name":"RIZ MD STORE","age":"20","time":"6d27e85e4d8c67d1c097"},{"id":"6281270338500@s.whatsapp.net","name":"Satrio","age":"12","time":"686b3d85bd934083f23a"},{"id":"6288989721627@s.whatsapp.net","name":"manzxy","age":"16","time":"ba04dadae34f1036a66d"},{"id":"6289505166712@s.whatsapp.net","name":"cela","age":"18","time":"268505bd296d40035644"},{"id":"6283829674560@s.whatsapp.net","name":"uyy","age":"18","time":"99c29aabfc28c31c3122"},{"id":"62882022066260@s.whatsapp.net","name":"wannhosting","age":"17","time":"1ff3bb4469f59fe245dd"},{"id":"6285668855211@s.whatsapp.net","name":"dcodeid","age":"17","time":"b053f4fe33d95f49943e"},{"id":"628978050305@s.whatsapp.net","name":"For you","age":"16","time":"49356b6ffefa76907eb6"},{"id":"6283133328750@s.whatsapp.net","name":"ikyyz","age":"15","time":"f232b1442ab9ddf1723b"},{"id":"6282225933801@s.whatsapp.net","name":"anomaliimut","age":"13","time":"a404ff272a2b4852ef1b"},{"id":"6281217616704@s.whatsapp.net","name":"Xavier","age":"14","time":"d6f8b88c145760bf0aed"},{"id":"6281477094099@s.whatsapp.net","name":"?","age":"cek25","time":"85b82386a60ee639a327"},{"id":"6288989079232@s.whatsapp.net","name":"Nawwaf Yafi'","age":"15","time":"2bcfa611eb714a284cec"},{"id":"6287841489287@s.whatsapp.net","name":"tyn","age":"jir, 55","time":"09d7bddd262b35596641"},{"id":"62882007471069@s.whatsapp.net","name":"ADMIN | COINGAMES TOPUP","age":"19","time":"0ed66b391f45bb87661c"},{"id":"6281356963314@s.whatsapp.net","name":"nuze","age":"20","time":"185f22dede073a96fb16"},{"id":"6281912002226@s.whatsapp.net","name":"Fredzz ☭","age":"20","time":"9bccf10839bc4fab9ce6"},{"id":"6287835395069@s.whatsapp.net","name":"Fèdèrico Vâlvèrdè","age":"19","time":"47c5ba9bbc9da8bd6924"},{"id":"6288268382524@s.whatsapp.net","name":"gabriel","age":"nama Gabriel","time":"fc795f63fb58bc099243"},{"id":"6282124763796@s.whatsapp.net","name":"YourAsk💭 | MD","age":"17","time":"eb8b99451467619003e6"},{"id":"6281252360699@s.whatsapp.net","name":"Káii Dravėnzyy","age":"káii | 12","time":"c9921c783b185463a90b"},{"id":"6282125471817@s.whatsapp.net","name":"HANYA ORANG BIASA","age":"20","time":"e181ef6b83c4de3d8ed2"},{"id":"6283121675788@s.whatsapp.net","name":"Adnan","age":"17","time":"c4b845ba6b2ceabbe626"},{"id":"6289515039261@s.whatsapp.net","name":"Counter","age":"20","time":"e36946a37f67fd1af3f1"},{"id":"6287855349593@s.whatsapp.net","name":"𝙕𝙚𝙚𝙒𝙜𝙮 メ 𝙀𝙂𝙎\"","age":"20","time":"66704e463ac077e0bfd7"},{"id":"6285157457750@s.whatsapp.net","name":"S","age":"20","time":"0eeb40cab278d6024146"},{"id":"6289629839900@s.whatsapp.net","name":"Lyznv1000 youu a","age":"12","time":"5993fd44069e8ca0337c"},{"id":"6283833322862@s.whatsapp.net","name":"𝘿𝙃𝙄𝙄𝙄 𝙆𝙐𝙍𝙊𝙎𝘼𝙆𝙄","age":"20","time":"5737c2d55503735f8b86"},{"id":"62895321350805@s.whatsapp.net","name":"rahman","age":" 15","time":"02f633a7a1a3e179f95f"},{"id":"62882007965981@s.whatsapp.net","name":"Elzz","age":"16","time":"b0cf07d2780e6f299c87"}]